id,fold
1,2
4,0
5,0
6,0
7,1
8,2
10,2
13,4
14,0
15,0
16,2
17,2
18,1
19,3
20,1
23,1
24,3
25,4
26,3
28,3
31,2
32,0
33,0
34,1
36,2
37,1
38,3
39,0
40,3
41,3
44,0
48,1
49,2
50,3
52,4
53,4
54,0
55,2
56,2
57,0
59,0
61,3
62,0
63,1
64,0
65,0
66,0
67,0
68,3
71,4
73,2
74,0
76,4
77,0
78,3
79,2
80,0
81,3
82,4
83,2
85,3
86,4
89,1
91,2
92,1
93,0
95,1
96,4
97,1
98,0
100,3
102,4
104,1
105,2
107,2
109,0
110,4
112,3
113,0
114,2
117,2
118,1
119,2
120,4
121,0
126,2
128,4
129,2
130,4
131,0
132,3
133,0
134,3
135,3
136,3
137,4
138,2
139,0
141,0
143,0
144,0
145,1
146,3
149,4
151,0
153,1
156,3
157,1
158,3
159,1
160,1
161,2
162,2
163,2
164,1
165,2
168,0
170,2
171,0
172,3
173,2
174,2
175,0
176,1
178,0
180,0
182,2
183,3
184,2
185,2
187,0
190,3
191,4
193,3
194,2
195,1
196,4
197,3
198,1
199,4
201,2
203,2
204,0
205,1
208,1
209,3
210,0
211,1
212,4
213,4
215,4
216,1
218,0
219,1
220,3
221,2
222,0
225,3
226,3
229,0
231,1
232,4
235,2
237,1
238,1
240,0
241,3
242,0
243,2
244,0
245,1
246,4
247,4
248,1
249,0
251,1
252,1
253,3
254,3
256,0
258,0
260,3
261,3
262,1
263,0
264,4
265,2
266,0
267,0
268,4
269,0
270,4
271,2
272,3
273,0
274,0
276,2
277,1
279,2
280,1
281,1
283,1
285,0
287,1
289,4
290,0
291,2
293,2
294,3
296,1
297,1
298,2
299,4
301,2
302,0
303,4
307,2
309,1
310,2
312,2
313,0
314,1
315,2
316,2
318,4
320,4
321,2
322,2
327,1
328,2
329,3
330,4
331,3
332,0
334,1
335,4
336,0
337,0
338,0
340,1
341,4
344,2
345,0
346,4
347,3
348,2
349,0
352,2
353,0
354,2
355,4
356,3
358,1
360,4
361,4
363,2
364,2
365,4
368,0
370,4
371,0
372,4
375,0
380,1
381,0
383,3
384,1
386,2
389,3
390,4
393,1
394,4
396,1
397,0
398,1
401,1
402,4
404,1
406,2
407,3
409,1
410,2
412,2
413,4
415,4
418,0
419,3
420,3
421,0
423,3
424,2
426,1
427,3
429,0
432,4
435,2
436,4
437,2
438,2
440,4
442,4
443,1
444,4
445,0
446,2
447,0
448,3
450,1
451,4
452,3
453,2
454,1
455,3
456,4
457,4
459,4
461,3
462,0
463,1
465,1
466,3
467,1
468,1
469,2
470,2
471,0
472,4
474,3
475,2
476,3
477,4
478,0
479,1
480,4
481,3
482,3
483,4
484,3
485,3
486,0
487,1
489,1
490,1
492,3
493,0
495,2
496,3
498,3
499,1
501,2
502,2
503,1
504,2
506,0
509,1
512,4
513,3
514,2
516,4
517,4
518,2
519,3
520,3
521,1
522,3
523,2
524,0
526,4
527,2
528,2
530,4
531,2
533,3
535,2
536,2
538,3
540,1
542,2
543,4
544,1
546,0
550,4
551,0
552,4
556,1
558,4
559,1
560,0
561,4
563,2
564,4
565,0
567,1
568,2
569,0
570,0
571,4
574,4
575,0
576,0
577,2
578,2
579,0
580,0
581,2
583,1
584,1
585,0
588,2
589,3
592,0
594,1
598,1
599,0
600,2
603,1
604,2
606,1
607,2
608,1
609,1
611,1
612,4
613,0
614,2
615,1
617,1
619,3
621,0
622,3
623,0
624,1
625,4
628,3
630,1
631,0
633,1
635,2
636,2
637,1
638,0
640,2
641,1
642,0
643,3
644,1
646,4
649,1
651,1
652,2
653,4
654,3
655,1
656,4
657,0
658,1
659,0
660,2
661,0
662,0
664,2
665,3
667,0
669,0
671,3
672,0
674,0
675,2
677,0
679,2
680,2
681,2
682,2
683,4
684,4
685,3
686,0
687,3
688,2
689,3
690,3
691,1
697,4
699,0
700,2
702,0
704,2
705,2
706,2
709,4
710,1
712,3
713,4
714,4
716,3
717,0
719,4
720,0
721,2
724,4
725,0
726,1
727,3
728,2
729,4
730,0
731,0
732,0
734,4
735,1
736,1
737,0
738,3
739,4
740,0
744,0
745,1
746,2
748,2
751,2
752,3
753,1
754,0
755,1
758,3
759,3
761,3
762,2
763,4
767,2
770,1
773,0
774,1
775,1
777,3
779,2
781,0
782,4
783,2
784,0
786,4
787,1
788,4
790,0
791,3
794,2
795,1
796,1
797,0
798,2
799,2
800,2
801,4
802,3
803,0
804,2
805,1
806,3
807,1
808,2
809,1
810,4
812,2
814,3
815,0
817,3
818,0
819,2
820,4
822,4
823,3
826,0
828,0
829,3
832,1
833,4
834,0
835,3
836,0
837,0
838,0
840,0
841,2
842,3
843,4
845,3
846,1
848,0
849,2
851,2
852,3
853,0
856,0
857,4
859,0
860,3
863,1
864,2
866,1
867,3
868,3
870,4
871,3
872,4
873,2
874,2
875,4
876,3
877,1
878,4
881,3
882,0
883,1
884,3
885,4
886,0
888,3
890,0
891,2
892,4
893,0
894,1
895,1
896,3
898,0
899,2
902,4
903,1
905,1
906,1
907,3
911,4
912,2
915,0
916,4
919,1
921,1
923,1
926,3
928,2
929,3
930,4
931,2
932,0
934,2
935,0
936,0
938,3
939,3
940,2
941,0
942,4
944,1
945,2
946,2
947,3
948,1
951,1
952,0
953,4
955,1
956,1
957,4
958,1
959,2
960,4
961,2
962,4
963,0
964,3
965,2
968,3
971,1
972,4
974,4
976,4
977,0
978,1
979,1
981,2
982,1
983,2
984,4
985,2
986,4
987,2
990,1
991,3
992,1
993,2
994,0
996,1
997,0
998,2
999,4
1001,3
1002,2
1004,1
1005,1
1006,0
1008,0
1009,1
1010,0
1015,2
1017,4
1018,1
1020,0
1021,4
1022,0
1023,2
1024,1
1026,2
1029,3
1031,4
1032,4
1035,0
1036,3
1037,4
1038,1
1040,0
1041,3
1042,0
1043,0
1044,1
1045,1
1048,3
1049,3
1050,1
1051,4
1052,4
1054,2
1057,2
1058,3
1061,0
1062,3
1065,2
1066,4
1067,4
1069,4
1070,4
1071,4
1072,3
1073,1
1074,3
1075,1
1077,1
1078,2
1079,4
1080,0
1081,0
1082,0
1083,4
1084,1
1085,2
1088,0
1090,2
1091,0
1093,2
1094,4
1098,4
1099,4
1102,4
1103,1
1104,4
1105,3
1106,3
1109,0
1110,3
1112,4
1113,4
1114,0
1117,4
1118,1
1119,1
1120,4
1122,2
1123,4
1124,0
1126,4
1128,0
1129,0
1130,2
1132,3
1134,0
1136,4
1138,1
1139,0
1141,4
1142,4
1143,1
1145,4
1146,1
1149,2
1151,0
1152,1
1153,1
1154,2
1155,4
1156,0
1157,0
1160,0
1162,4
1164,4
1166,0
1167,3
1168,0
1170,1
1173,1
1174,4
1175,2
1177,4
1178,3
1179,4
1181,2
1182,1
1183,3
1185,2
1188,3
1189,1
1190,0
1191,4
1195,3
1196,0
1198,0
1199,0
1201,1
1202,3
1203,3
1204,4
1206,3
1207,3
1208,1
1209,4
1211,0
1212,2
1213,4
1214,3
1215,0
1217,1
1218,0
1219,1
1221,1
1222,2
1223,3
1224,1
1225,0
1226,2
1227,3
1228,2
1229,1
1230,3
1232,3
1234,2
1235,3
1236,2
1237,2
1238,2
1239,2
1240,0
1241,4
1242,0
1243,4
1244,1
1245,3
1249,2
1250,3
1251,3
1252,4
1253,4
1254,1
1259,3
1262,3
1263,1
1264,2
1267,1
1269,2
1270,0
1271,2
1272,2
1273,2
1275,3
1276,4
1277,3
1278,1
1279,2
1280,3
1282,1
1283,0
1284,4
1287,3
1288,4
1289,1
1290,4
1293,3
1294,3
1296,4
1297,4
1298,4
1300,3
1301,4
1302,3
1303,0
1304,1
1305,3
1307,4
1308,1
1309,2
1312,3
1315,2
1316,4
1317,1
1318,2
1319,3
1320,1
1321,2
1324,0
1326,0
1327,2
1328,4
1331,4
1332,2
1334,0
1335,4
1337,1
1338,3
1340,1
1341,3
1343,1
1345,0
1346,0
1347,0
1348,0
1349,3
1350,1
1351,0
1352,2
1353,0
1354,4
1356,4
1360,4
1361,2
1362,3
1363,0
1365,4
1368,3
1369,3
1371,4
1372,4
1374,4
1375,3
1376,0
1378,1
1379,1
1380,4
1381,2
1382,4
1383,0
1384,0
1385,4
1388,4
1389,3
1390,4
1391,3
1393,2
1394,2
1395,2
1396,4
1399,0
1401,2
1402,4
1405,4
1406,3
1407,0
1408,1
1409,0
1411,0
1412,2
1414,0
1415,1
1418,1
1419,0
1420,3
1421,3
1422,3
1425,2
1429,4
1431,1
1432,4
1433,2
1436,4
1439,0
1440,0
1441,3
1443,2
1444,2
1445,2
1447,1
1448,1
1449,0
1450,3
1452,0
1453,3
1454,1
1455,1
1456,4
1458,1
1459,1
1460,2
1463,4
1464,2
1466,2
1467,0
1470,0
1472,1
1473,2
1474,0
1475,3
1477,4
1479,1
1480,0
1482,1
1483,1
1484,0
1485,0
1486,1
1487,0
1488,1
1491,4
1493,3
1494,3
1495,3
1497,1
1498,0
1499,1
1500,0
1501,1
1502,1
1503,0
1504,3
1505,3
1506,2
1507,3
1508,3
1509,2
1510,3
1511,3
1513,4
1514,0
1515,2
1518,3
1519,0
1520,4
1521,0
1522,2
1523,4
1524,4
1525,4
1526,2
1527,2
1530,3
1531,1
1532,0
1533,2
1534,3
1535,3
1537,0
1538,3
1540,1
1543,3
1544,4
1545,0
1546,2
1547,0
1549,0
1553,2
1554,1
1555,2
1556,3
1558,2
1559,4
1560,1
1561,2
1562,0
1567,4
1568,0
1569,0
1570,0
1572,4
1573,0
1574,0
1575,4
1576,2
1577,3
1579,1
1580,2
1582,2
1585,2
1587,3
1588,1
1590,2
1591,2
1593,2
1594,1
1595,4
1596,1
1597,1
1599,0
1600,4
1601,4
1602,3
1603,0
1604,4
1605,0
1607,3
1608,4
1609,1
1610,0
1611,4
1613,0
1614,1
1615,4
1617,0
1618,2
1619,0
1621,3
1622,1
1623,3
1625,0
1626,1
1627,4
1628,1
1631,3
1632,3
1633,1
1634,0
1636,1
1637,2
1638,0
1639,1
1643,3
1644,2
1645,1
1646,0
1647,4
1648,4
1649,4
1650,2
1652,4
1653,2
1654,2
1657,0
1658,3
1660,0
1661,4
1662,3
1663,2
1665,4
1666,3
1669,0
1670,1
1671,0
1672,3
1673,3
1675,0
1676,4
1677,3
1679,3
1683,4
1684,2
1686,4
1687,1
1688,4
1689,2
1690,4
1691,4
1692,3
1693,3
1694,1
1698,0
1699,3
1700,0
1701,4
1702,2
1703,3
1705,3
1706,4
1707,0
1709,2
1710,0
1712,2
1715,3
1716,1
1718,1
1719,1
1720,0
1721,2
1722,4
1723,2
1724,3
1725,0
1726,2
1727,3
1728,0
1731,2
1733,2
1735,0
1737,1
1739,0
1740,4
1741,0
1744,1
1745,0
1747,2
1750,1
1752,3
1753,1
1754,4
1755,3
1756,1
1757,1
1759,2
1760,0
1761,0
1762,0
1763,1
1766,2
1767,3
1768,3
1769,0
1770,0
1771,3
1772,4
1773,4
1774,3
1775,1
1776,0
1779,1
1780,1
1784,4
1786,3
1787,4
1789,1
1790,1
1791,4
1792,2
1796,1
1798,1
1799,4
1802,2
1803,2
1804,1
1807,4
1808,0
1809,1
1810,1
1811,0
1812,1
1813,3
1814,0
1815,3
1816,4
1817,0
1818,4
1821,2
1822,1
1823,2
1824,0
1826,0
1827,0
1831,0
1832,4
1833,1
1834,2
1835,2
1836,1
1837,0
1838,2
1840,1
1841,3
1842,0
1845,3
1847,4
1848,2
1851,3
1852,2
1853,1
1856,1
1857,4
1860,4
1861,0
1863,0
1864,0
1865,4
1866,4
1869,3
1870,0
1873,1
1875,1
1877,2
1878,1
1880,0
1881,3
1882,0
1883,3
1885,2
1886,2
1887,0
1888,3
1889,3
1890,0
1892,2
1893,1
1895,2
1897,0
1898,0
1899,2
1900,4
1901,4
1905,0
1908,1
1909,0
1910,4
1911,3
1914,2
1915,1
1916,2
1917,4
1918,4
1919,1
1920,2
1921,1
1922,4
1924,0
1925,0
1927,4
1929,4
1932,1
1933,4
1935,0
1937,2
1938,4
1939,3
1940,3
1941,3
1942,4
1943,1
1945,4
1948,1
1949,3
1950,3
1951,2
1952,0
1953,1
1954,3
1955,4
1956,4
1957,4
1959,1
1960,0
1961,0
1962,0
1963,2
1965,4
1966,3
1967,2
1968,1
1969,2
1971,1
1972,3
1973,2
1975,1
1976,1
1979,0
1980,4
1981,2
1983,1
1985,3
1986,2
1987,1
1989,1
1990,4
1991,3
1992,1
1994,4
1995,0
1996,2
1999,4
2000,1
2001,2
2003,3
2006,1
2007,3
2009,1
2010,2
2012,1
2014,1
2015,0
2016,0
2017,2
2019,1
2020,2
2022,2
2023,1
2024,4
2026,2
2027,3
2028,4
2031,0
2033,0
2034,2
2035,0
2036,2
2038,0
2039,1
2040,1
2042,2
2043,1
2045,2
2046,0
2047,0
2049,3
2050,0
2051,2
2055,1
2056,3
2057,2
2058,0
2059,2
2060,2
2061,3
2063,2
2064,1
2067,1
2068,0
2069,4
2070,2
2071,0
2073,1
2074,2
2075,1
2076,1
2077,4
2078,1
2081,0
2082,2
2083,0
2084,1
2086,4
2087,4
2089,2
2091,0
2094,3
2095,2
2096,3
2097,3
2098,2
2099,2
2100,2
2102,4
2103,3
2108,2
2109,4
2110,3
2111,2
2112,2
2113,3
2114,2
2115,3
2116,4
2117,1
2118,4
2119,0
2121,0
2122,1
2123,3
2125,0
2126,4
2128,1
2129,0
2131,0
2133,1
2134,1
2136,1
2138,1
2139,4
2141,3
2142,2
2144,2
2145,4
2146,2
2148,0
2149,2
2150,0
2153,4
2154,3
2157,2
2158,1
2159,3
2160,3
2161,4
2163,1
2164,4
2169,4
2171,4
2172,4
2173,3
2174,2
2175,2
2176,0
2177,3
2179,1
2181,0
2183,3
2186,4
2188,3
2189,4
2190,3
2191,2
2192,4
2193,4
2194,4
2195,3
2198,3
2203,3
2204,1
2205,3
2207,4
2209,0
2210,3
2211,3
2212,2
2213,1
2214,2
2215,2
2216,1
2217,4
2219,2
2220,3
2221,1
2222,1
2225,3
2227,2
2229,2
2230,3
2231,3
2233,3
2235,2
2236,4
2237,1
2238,1
2239,4
2240,1
2241,4
2242,4
2244,4
2245,0
2246,1
2248,4
2250,4
2251,0
2254,0
2255,0
2256,1
2257,1
2258,2
2260,4
2262,3
2263,4
2265,4
2266,3
2267,0
2271,0
2272,3
2273,0
2274,0
2275,3
2277,0
2278,0
2279,4
2280,0
2281,1
2282,4
2284,0
2285,2
2286,2
2288,4
2289,4
2292,1
2294,2
2296,1
2297,4
2298,4
2299,0
2300,3
2301,2
2303,3
2304,2
2306,2
2307,1
2308,3
2309,1
2311,1
2312,1
2314,3
2315,4
2317,3
2318,3
2319,3
2321,2
2324,4
2325,3
2327,4
2329,1
2330,1
2332,4
2333,4
2334,4
2336,2
2337,0
2339,3
2340,2
2341,1
2342,1
2346,0
2347,0
2348,2
2349,0
2350,2
2351,4
2352,2
2354,4
2356,3
2358,4
2359,1
2361,3
2362,4
2363,3
2364,0
2366,3
2367,3
2368,1
2370,0
2372,3
2373,2
2374,3
2375,2
2376,0
2377,4
2379,1
2382,4
2385,0
2386,4
2387,0
2388,2
2389,0
2390,0
2391,3
2394,3
2395,1
2396,1
2397,4
2398,3
2399,1
2400,4
2402,0
2406,1
2408,3
2409,1
2410,0
2412,2
2413,1
2414,2
2415,1
2416,2
2417,1
2418,2
2419,4
2420,3
2421,0
2422,2
2423,0
2425,3
2427,3
2428,0
2429,2
2430,1
2432,0
2435,3
2437,0
2438,4
2440,1
2441,4
2442,1
2443,4
2445,4
2446,1
2451,3
2452,0
2453,2
2454,3
2455,0
2456,1
2457,2
2458,2
2459,0
2460,4
2462,0
2463,4
2464,2
2465,4
2466,4
2467,2
2468,0
2470,1
2471,0
2475,0
2476,0
2478,0
2479,1
2480,0
2482,4
2483,4
2485,2
2486,4
2487,4
2488,3
2489,3
2490,1
2491,0
2492,2
2493,4
2494,2
2496,0
2497,1
2498,3
2499,2
2500,1
2501,0
2502,4
2504,2
2505,1
2506,4
2507,1
2508,1
2510,4
2512,4
2513,3
2514,4
2515,4
2516,1
2517,2
2519,0
2520,1
2521,2
2523,0
2524,2
2527,0
2528,4
2530,3
2531,3
2532,1
2534,3
2535,0
2536,3
2537,0
2538,4
2539,0
2540,2
2541,4
2542,4
2543,2
2544,1
2545,0
2546,2
2547,0
2548,0
2550,0
2552,3
2553,3
2554,0
2555,2
2556,1
2557,0
2559,0
2560,1
2561,3
2564,2
2565,2
2566,3
2568,1
2569,2
2570,0
2571,0
2572,1
2573,1
2575,1
2576,3
2579,0
2582,1
2585,0
2587,4
2588,1
2590,2
2591,3
2592,3
2593,4
2594,4
2597,4
2598,0
2599,1
2602,3
2603,0
2604,4
2605,4
2606,1
2608,1
2609,2
2611,3
2612,3
2614,3
2616,4
2617,1
2619,4
2621,4
2622,4
2624,4
2625,1
2627,1
2628,1
2629,0
2631,1
2632,1
2633,2
2635,1
2637,2
2640,1
2641,2
2642,1
2643,2
2644,2
2645,2
2647,3
2648,1
2649,2
2651,4
2655,2
2656,2
2657,0
2658,3
2659,1
2660,4
2661,3
2663,0
2664,0
2666,2
2667,4
2668,0
2670,4
2671,4
2672,1
2673,3
2675,2
2676,1
2677,0
2679,4
2680,0
2682,2
2683,0
2684,1
2687,0
2688,4
2689,4
2691,3
2692,3
2693,3
2694,3
2695,3
2696,2
2698,2
2700,2
2701,2
2702,2
2703,4
2706,4
2707,4
2708,1
2709,1
2711,3
2714,4
2715,2
2719,2
2720,1
2723,2
2724,1
2725,4
2726,4
2727,3
2728,0
2729,0
2730,3
2731,3
2732,0
2733,3
2734,1
2736,1
2739,2
2740,1
2741,3
2743,3
2744,2
2748,0
2749,2
2752,3
2753,2
2755,1
2756,4
2757,1
2758,1
2759,1
2760,2
2761,0
2763,4
2765,4
2766,1
2767,1
2768,3
2769,2
2770,0
2771,2
2773,4
2774,4
2777,0
2778,1
2780,2
2782,1
2783,0
2784,1
2785,1
2786,2
2787,3
2788,4
2792,4
2793,2
2794,0
2795,1
2796,0
2797,4
2799,0
2801,0
2802,0
2803,4
2807,4
2808,4
2811,1
2813,4
2815,2
2817,2
2819,0
2820,0
2821,0
2822,2
2825,1
2826,1
2827,0
2828,1
2829,0
2830,1
2831,4
2832,4
2833,3
2835,0
2836,0
2838,2
2839,4
2841,4
2842,2
2843,1
2844,0
2846,4
2849,4
2851,3
2852,4
2853,1
2854,3
2855,3
2856,1
2857,4
2858,4
2860,4
2861,3
2863,2
2864,2
2865,0
2866,1
2867,0
2869,3
2870,0
2871,4
2872,1
2873,2
2875,4
2877,1
2878,1
2879,1
2880,0
2881,1
2882,2
2883,3
2884,3
2885,4
2886,2
2887,1
2888,1
2889,3
2890,3
2891,0
2893,0
2895,4
2896,0
2898,4
2899,3
2900,0
2902,3
2905,4
2907,4
2908,3
2909,3
2910,1
2911,2
2912,0
2913,0
2915,2
2916,0
2917,3
2920,4
2921,4
2922,0
2924,3
2925,4
2927,1
2929,2
2931,4
2932,4
2933,4
2934,1
2935,2
2936,0
2937,0
2939,2
2941,4
2942,3
2943,0
2944,4
2945,0
2946,2
2947,3
2948,4
2950,4
2952,3
2953,1
2954,3
2955,1
2956,2
2957,3
2959,3
2960,1
2963,0
2965,3
2969,0
2970,2
2971,1
2973,2
2974,1
2975,3
2976,2
2980,4
2982,0
2983,4
2984,0
2987,1
2988,0
2990,3
2991,1
2992,4
2993,2
2995,0
2998,0
3000,4
3001,2
3003,1
3004,0
3005,0
3006,3
3009,2
3010,0
3011,0
3012,2
3013,1
3014,0
3015,2
3016,0
3018,2
3019,2
3021,0
3022,0
3023,3
3025,4
3026,4
3027,0
3029,0
3030,1
3034,4
3036,3
3037,4
3038,3
3039,1
3042,4
3043,4
3044,2
3045,4
3047,3
3048,0
3049,2
3051,3
3052,2
3053,0
3054,2
3055,3
3056,1
3057,4
3058,1
3059,0
3060,1
3061,4
3062,3
3064,2
3066,0
3068,3
3070,2
3071,2
3072,3
3073,2
3074,1
3075,0
3077,1
3079,4
3080,1
3082,3
3083,4
3084,3
3085,2
3086,4
3089,0
3090,2
3091,4
3092,1
3093,1
3095,3
3097,2
3099,4
3100,0
3101,1
3102,0
3104,2
3105,4
3106,0
3107,3
3108,4
3109,3
3111,2
3112,2
3114,4
3115,4
3116,4
3117,3
3118,2
3119,0
3120,4
3122,4
3123,4
3124,4
3125,2
3126,1
3130,2
3131,4
3132,1
3133,0
3134,3
3136,3
3137,2
3138,3
3139,2
3140,2
3141,1
3142,2
3144,4
3145,3
3147,1
3150,4
3152,1
3153,2
3154,1
3155,1
3157,1
3158,2
3159,2
3161,4
3162,2
3163,2
3165,3
3166,1
3167,0
3168,0
3170,0
3171,3
3172,3
3173,3
3174,3
3175,0
3176,4
3177,3
3179,3
3180,2
3181,3
3182,3
3183,1
3184,4
3185,2
3186,0
3188,3
3189,0
3190,2
3191,1
3192,2
3193,1
3195,3
3196,0
3197,2
3198,1
3199,1
3200,1
3201,1
3205,2
3210,2
3211,4
3212,2
3216,1
3217,2
3218,4
3219,1
3221,3
3222,0
3225,0
3227,4
3229,4
3231,4
3235,0
3236,4
3237,4
3239,0
3240,1
3241,3
3242,4
3243,4
3244,1
3245,3
3248,2
3249,4
3252,1
3253,0
3255,4
3256,4
3259,2
3260,2
3262,3
3263,1
3264,0
3265,2
3266,1
3270,0
3274,1
3275,0
3276,3
3277,2
3278,3
3280,4
3281,1
3282,3
3283,1
3284,1
3285,0
3286,0
3287,3
3288,3
3289,0
3292,4
3295,2
3296,3
3297,4
3299,4
3300,4
3301,0
3302,2
3303,2
3304,4
3308,1
3309,1
3311,1
3312,1
3317,3
3318,4
3319,1
3320,4
3322,3
3323,2
3324,2
3328,4
3329,1
3334,1
3335,2
3336,3
3337,4
3338,4
3339,1
3340,1
3341,4
3342,1
3345,2
3346,3
3347,4
3351,4
3355,2
3356,1
3357,3
3359,2
3361,0
3362,0
3363,1
3364,3
3365,2
3367,2
3368,2
3369,4
3370,0
3372,4
3373,3
3376,0
3377,0
3379,0
3380,0
3381,4
3383,3
3387,1
3388,1
3389,0
3390,3
3391,4
3393,3
3394,1
3395,3
3396,0
3397,1
3398,3
3400,4
3401,3
3402,0
3403,0
3404,1
3405,2
3406,3
3408,1
3410,2
3411,1
3412,4
3413,4
3414,0
3415,1
3417,4
3418,0
3419,0
3421,1
3423,4
3425,0
3428,1
3429,4
3430,0
3431,3
3432,3
3433,2
3435,2
3436,3
3437,2
3439,2
3440,1
3445,3
3446,0
3447,4
3448,1
3450,2
3451,2
3452,2
3455,0
3459,1
3460,3
3462,4
3463,0
3464,1
3465,0
3466,4
3468,0
3469,3
3470,2
3471,1
3472,1
3473,0
3474,4
3475,2
3476,3
3477,4
3478,3
3480,4
3481,2
3482,2
3483,1
3484,4
3485,0
3486,4
3487,2
3489,2
3490,0
3492,3
3493,0
3494,1
3495,4
3497,3
3498,4
3499,1
3500,0
3501,0
3503,4
3504,1
3505,3
3506,2
3508,4
3509,0
3510,4
3512,1
3513,3
3514,1
3517,1
3518,3
3519,2
3520,4
3521,1
3522,0
3523,3
3524,4
3525,1
3526,4
3527,3
3528,3
3529,3
3530,4
3531,1
3532,2
3533,1
3534,0
3535,3
3536,2
3537,4
3540,3
3542,4
3543,3
3544,1
3548,4
3549,2
3550,2
3552,4
3554,2
3555,1
3557,0
3560,1
3565,0
3566,3
3567,2
3568,4
3569,4
3570,2
3572,4
3573,1
3575,1
3578,3
3581,0
3582,2
3583,2
3584,2
3585,0
3587,1
3588,1
3589,2
3591,4
3592,2
3593,0
3594,2
3595,3
3596,2
3597,1
3598,4
3602,2
3603,2
3604,2
3607,1
3608,2
3609,0
3610,0
3611,2
3613,2
3617,1
3618,1
3619,1
3621,0
3623,4
3625,0
3626,0
3627,4
3628,0
3629,4
3631,4
3632,3
3633,3
3634,2
3635,3
3636,2
3637,1
3638,1
3639,1
3640,0
3641,0
3642,3
3643,1
3645,2
3646,4
3647,4
3648,4
3650,4
3652,4
3653,3
3655,0
3656,2
3657,4
3658,2
3659,1
3660,4
3661,4
3662,0
3663,4
3664,1
3666,0
3667,2
3669,4
3670,2
3674,4
3675,0
3676,3
3679,0
3680,4
3681,4
3682,2
3683,0
3684,0
3685,0
3686,0
3689,1
3690,2
3691,1
3692,3
3694,3
3695,1
3696,4
3697,2
3700,0
3702,3
3704,4
3705,2
3708,1
3710,4
3712,1
3713,4
3715,0
3717,2
3718,3
3719,2
3721,1
3722,3
3723,2
3724,1
3725,3
3726,0
3727,2
3729,3
3730,0
3735,3
3736,1
3737,1
3738,0
3739,3
3741,1
3742,2
3743,0
3744,4
3745,1
3747,1
3748,2
3750,4
3752,3
3753,1
3754,4
3756,0
3758,0
3759,1
3760,3
3761,2
3763,1
3764,4
3765,3
3766,3
3768,1
3770,1
3771,0
3772,3
3773,0
3774,0
3775,4
3776,1
3777,2
3778,4
3780,0
3785,2
3786,3
3787,0
3788,1
3789,3
3793,4
3795,2
3796,2
3797,1
3798,1
3800,2
3802,3
3803,0
3805,1
3806,1
3807,0
3810,1
3812,1
3814,0
3815,0
3816,4
3819,2
3820,4
3821,3
3822,1
3824,3
3825,0
3826,4
3827,4
3828,4
3829,3
3830,4
3831,2
3832,0
3833,2
3834,3
3835,4
3836,3
3837,1
3838,3
3839,2
3840,1
3841,2
3842,3
3845,0
3848,0
3849,1
3850,0
3851,0
3853,0
3855,4
3857,4
3858,4
3859,2
3860,1
3861,2
3862,3
3864,1
3866,0
3868,1
3869,0
3870,3
3873,2
3874,0
3875,1
3876,1
3877,1
3879,3
3887,3
3888,3
3889,4
3892,2
3893,4
3894,2
3895,1
3896,4
3897,4
3899,3
3900,3
3901,3
3903,3
3904,2
3905,0
3906,1
3907,1
3908,2
3911,0
3913,1
3914,1
3916,3
3917,4
3919,3
3921,3
3922,3
3923,3
3924,0
3926,1
3927,3
3932,4
3933,3
3935,2
3936,0
3937,1
3938,4
3940,0
3944,4
3945,3
3947,1
3948,3
3949,0
3950,4
3951,2
3952,2
3953,4
3954,1
3955,4
3956,3
3957,4
3958,2
3959,0
3960,4
3961,1
3962,3
3964,3
3967,1
3968,4
3969,0
3970,0
3973,4
3975,1
3977,0
3979,3
3980,1
3982,2
3983,1
3984,4
3989,0
3990,3
3992,1
3993,3
3994,0
3995,1
3996,4
3997,1
3998,4
4000,0
4003,4
4005,4
4006,0
4008,0
4010,2
4011,4
4012,2
4014,2
4017,3
4018,4
4019,2
4020,4
4021,1
4022,2
4024,0
4025,0
4026,1
4027,4
4028,3
4029,1
4030,1
4032,3
4033,3
4034,3
4038,3
4039,3
4041,3
4042,2
4043,1
4044,0
4045,0
4046,3
4047,0
4049,2
4050,3
4051,3
4052,4
4054,3
4055,3
4057,3
4058,0
4060,3
4061,1
4062,2
4063,2
4064,1
4065,0
4068,1
4072,4
4076,0
4077,0
4078,0
4079,1
4080,0
4081,3
4083,3
4084,2
4085,3
4086,2
4087,4
4088,1
4089,0
4091,4
4092,0
4093,0
4094,4
4095,4
4096,4
4097,0
4098,1
4100,3
4101,2
4103,4
4104,4
4105,3
4107,0
4108,0
4111,1
4112,0
4113,3
4114,0
4116,2
4117,2
4119,2
4121,4
4122,3
4123,2
4124,3
4127,1
4128,0
4129,2
4131,2
4132,4
4133,0
4135,1
4138,4
4139,4
4140,2
4141,4
4142,3
4143,4
4145,1
4146,1
4147,3
4149,1
4150,3
4152,0
4153,3
4154,1
4156,0
4157,3
4158,1
4159,0
4160,0
4161,1
4163,1
4164,1
4166,4
4167,0
4168,4
4170,2
4171,1
4172,0
4173,1
4175,0
4176,1
4177,2
4178,2
4180,1
4181,4
4182,4
4183,2
4184,4
4189,1
4191,3
4197,2
4198,4
4199,0
4200,0
4201,1
4202,1
4203,4
4204,4
4205,3
4206,0
4209,4
4210,4
4211,1
4212,4
4213,2
4214,0
4216,4
4218,3
4219,3
4220,4
4221,1
4224,0
4225,2
4227,3
4230,3
4232,4
4233,3
4235,2
4237,3
4238,2
4239,1
4240,0
4241,3
4242,0
4243,2
4244,2
4245,3
4246,1
4247,0
4248,3
4250,3
4251,3
4252,2
4253,4
4255,2
4256,0
4257,3
4260,3
4261,3
4262,4
4264,4
4265,0
4266,4
4268,3
4269,0
4270,2
4271,2
4272,0
4273,4
4274,4
4275,3
4276,3
4279,0
4281,2
4282,1
4284,0
4288,2
4289,3
4292,2
4293,2
4295,0
4296,1
4297,3
4298,4
4299,1
4300,2
4301,2
4303,3
4304,2
4305,0
4306,4
4307,0
4309,1
4312,0
4313,2
4314,2
4317,4
4318,1
4320,3
4321,4
4322,1
4323,2
4324,1
4325,0
4326,3
4327,0
4328,3
4329,3
4330,3
4332,2
4333,2
4334,0
4335,3
4336,1
4337,3
4341,4
4342,0
4343,1
4345,0
4348,2
4349,3
4350,1
4351,2
4352,0
4353,3
4354,4
4355,3
4356,2
4357,2
4358,1
4359,0
4361,0
4362,2
4363,2
4365,4
4366,2
4368,4
4372,2
4373,3
4374,0
4375,0
4376,3
4377,3
4378,1
4379,4
4381,3
4382,0
4383,4
4384,3
4385,1
4387,4
4388,4
4391,3
4392,1
4393,1
4395,2
4396,3
4397,2
4398,2
4401,1
4402,1
4403,2
4405,4
4406,1
4407,0
4408,1
4410,1
4411,1
4412,1
4413,1
4415,0
4416,2
4421,2
4423,2
4424,2
4425,2
4426,4
4427,2
4428,2
4430,1
4432,2
4435,1
4436,0
4437,0
4438,0
4440,2
4441,4
4442,0
4444,2
4445,2
4448,0
4449,0
4450,1
4451,2
4452,0
4454,0
4455,1
4456,0
4457,0
4458,3
4459,3
4463,1
4464,1
4465,4
4466,1
4468,1
4470,4
4471,3
4472,3
4476,3
4478,1
4479,2
4480,1
4482,0
4486,3
4487,2
4488,0
4489,3
4490,3
4491,2
4492,3
4493,4
4494,4
4496,0
4498,3
4499,3
4503,1
4504,0
4507,3
4508,1
4509,0
4511,2
4514,2
4515,2
4516,3
4517,3
4518,1
4519,0
4520,0
4521,0
4522,1
4523,1
4524,3
4525,3
4526,3
4527,1
4528,3
4529,1
4530,2
4531,4
4533,1
4534,2
4537,4
4538,1
4539,1
4541,1
4542,2
4543,0
4544,4
4546,1
4547,0
4548,2
4549,1
4550,2
4551,3
4553,4
4556,0
4557,0
4561,4
4562,2
4563,3
4564,0
4565,3
4567,2
4568,2
4569,2
4571,3
4573,3
4575,2
4576,3
4577,3
4578,0
4579,4
4580,3
4582,1
4584,2
4585,4
4587,0
4588,4
4589,0
4590,4
4592,2
4593,2
4595,4
4596,2
4597,2
4598,2
4599,0
4600,1
4601,2
4602,2
4604,1
4606,2
4607,1
4608,2
4609,4
4610,3
4611,1
4614,4
4616,0
4617,4
4619,3
4620,0
4622,3
4624,4
4625,2
4627,1
4628,0
4630,0
4631,1
4632,1
4634,2
4635,2
4637,3
4639,0
4641,4
4642,0
4644,0
4646,1
4649,1
4650,1
4655,0
4656,1
4657,3
4658,1
4659,1
4661,0
4664,2
4666,3
4667,3
4669,2
4670,2
4671,1
4672,3
4673,0
4674,0
4675,3
4677,3
4678,0
4679,3
4680,1
4681,2
4682,0
4684,2
4687,1
4688,2
4689,0
4690,4
4691,0
4692,2
4693,3
4694,0
4695,1
4696,0
4697,1
4698,2
4699,0
4700,2
4702,3
4703,0
4704,1
4705,0
4706,2
4707,2
4708,2
4709,0
4710,2
4711,2
4712,1
4713,4
4714,3
4715,4
4716,3
4717,1
4719,2
4720,4
4722,2
4723,0
4724,4
4725,0
4726,4
4729,3
4730,0
4731,2
4732,1
4734,0
4735,1
4736,3
4737,1
4738,2
4739,3
4740,2
4742,2
4744,3
4745,3
4747,3
4748,2
4749,1
4750,0
4752,1
4753,1
4754,0
4755,2
4757,0
4758,2
4759,2
4760,2
4762,2
4765,3
4766,1
4768,2
4769,3
4770,2
4771,3
4773,0
4774,0
4775,3
4777,4
4778,4
4779,2
4782,0
4783,4
4784,1
4785,2
4786,0
4787,0
4788,3
4789,4
4790,4
4791,1
4793,4
4794,2
4795,2
4797,1
4798,3
4799,3
4800,0
4802,0
4803,1
4807,0
4808,1
4809,2
4810,3
4812,0
4813,3
4814,3
4819,3
4820,3
4821,2
4823,0
4825,3
4826,1
4828,2
4829,4
4830,3
4831,2
4832,0
4833,0
4834,2
4835,1
4836,2
4840,2
4842,2
4843,1
4844,2
4845,0
4846,1
4847,1
4848,4
4849,0
4850,2
4852,4
4853,3
4854,1
4856,4
4857,2
4858,1
4859,2
4860,3
4864,2
4866,0
4867,4
4868,3
4869,1
4870,3
4872,4
4874,1
4875,1
4876,3
4877,2
4878,3
4879,1
4881,0
4882,0
4883,0
4884,2
4887,2
4888,3
4889,0
4890,3
4891,0
4892,1
4893,3
4894,2
4895,3
4896,3
4897,2
4898,3
4899,4
4900,1
4901,0
4903,1
4905,2
4906,0
4908,2
4909,3
4910,1
4911,1
4912,0
4913,1
4914,3
4915,2
4917,1
4918,0
4919,1
4920,4
4922,2
4923,4
4924,4
4926,2
4929,4
4931,2
4934,2
4935,2
4936,4
4938,3
4940,3
4943,0
4944,1
4945,0
4946,1
4948,0
4951,2
4952,3
4953,1
4954,2
4955,1
4957,0
4958,3
4959,0
4961,2
4962,3
4964,4
4966,2
4967,1
4968,4
4969,3
4970,4
4971,4
4972,4
4973,1
4974,3
4975,0
4978,2
4979,3
4980,2
4981,2
4982,0
4983,4
4984,0
4985,3
4986,4
4988,2
4989,3
4990,0
4992,4
4993,0
4995,3
4996,3
4997,1
4998,1
5000,0
5001,3
5002,0
5004,2
5005,4
5007,3
5008,4
5010,4
5013,0
5015,3
5016,1
5017,4
5018,4
5019,0
5022,3
5024,4
5025,0
5027,1
5028,1
5029,2
5032,2
5033,3
5034,1
5035,2
5037,1
5038,2
5039,3
5040,0
5041,4
5043,0
5044,2
5046,4
5047,3
5049,2
5050,4
5052,4
5055,0
5056,3
5059,0
5060,3
5061,1
5062,0
5063,1
5064,4
5065,2
5067,4
5068,4
5069,4
5071,3
5072,2
5073,0
5074,2
5075,0
5076,3
5078,2
5079,4
5080,2
5082,0
5083,0
5085,1
5087,0
5088,0
5089,3
5092,3
5094,1
5095,2
5096,4
5097,3
5098,2
5099,4
5101,1
5102,0
5103,3
5104,3
5105,3
5106,2
5107,4
5109,1
5110,1
5113,0
5114,0
5115,1
5116,3
5117,1
5119,4
5120,4
5122,0
5124,4
5125,4
5126,3
5127,0
5128,4
5130,4
5131,2
5132,2
5134,2
5135,3
5136,2
5137,2
5138,2
5139,2
5140,3
5141,1
5142,0
5144,2
5145,4
5146,0
5148,2
5149,4
5150,2
5152,4
5153,3
5154,3
5155,3
5157,2
5159,0
5160,2
5162,0
5164,2
5165,0
5166,0
5168,1
5169,4
5170,1
5171,0
5172,2
5174,4
5175,0
5176,1
5177,2
5178,0
5179,0
5180,1
5181,2
5182,4
5183,4
5184,1
5185,3
5186,0
5187,2
5188,4
5189,0
5190,0
5191,3
5192,2
5193,4
5194,2
5195,4
5196,1
5197,1
5198,1
5199,3
5200,3
5201,4
5202,4
5203,0
5204,3
5206,2
5207,3
5208,3
5209,4
5210,4
5211,3
5212,3
5213,2
5218,2
5219,3
5220,3
5221,3
5222,3
5223,1
5224,2
5226,3
5227,0
5228,4
5229,2
5230,3
5231,1
5232,0
5233,4
5234,3
5235,0
5236,3
5238,0
5242,2
5243,1
5244,4
5245,0
5247,4
5248,0
5249,1
5251,4
5252,2
5254,4
5255,4
5256,0
5257,1
5259,4
5260,4
5262,3
5263,2
5264,0
5265,1
5266,1
5267,2
5269,3
5270,0
5271,0
5272,2
5273,4
5274,1
5276,1
5278,3
5280,2
5281,4
5282,4
5283,3
5284,3
5285,2
5286,4
5287,1
5290,3
5291,2
5292,1
5293,2
5295,0
5296,2
5297,0
5298,1
5299,0
5300,3
5301,1
5302,3
5304,1
5305,3
5306,0
5308,1
5309,3
5310,1
5313,2
5315,4
5316,0
5317,0
5319,3
5320,3
5321,0
5322,1
5323,1
5324,2
5325,4
5326,2
5328,3
5330,3
5331,1
5332,2
5335,3
5336,1
5337,3
5338,2
5339,0
5341,2
5342,3
5343,4
5344,0
5345,2
5346,2
5347,2
5349,3
5350,0
5351,4
5352,4
5353,2
5354,3
5355,1
5356,0
5357,2
5359,1
5362,4
5365,3
5366,3
5367,2
5368,0
5371,0
5372,1
5373,1
5375,0
5377,0
5378,2
5379,2
5380,4
5381,3
5382,0
5383,3
5384,0
5385,4
5386,3
5387,4
5389,4
5391,3
5392,1
5396,2
5397,1
5400,2
5403,4
5404,2
5406,3
5407,1
5408,0
5409,0
5410,1
5411,3
5412,2
5413,0
5416,2
5417,1
5418,0
5420,0
5423,1
5425,2
5426,1
5428,1
5430,0
5432,2
5437,0
5439,1
5442,0
5443,4
5444,2
5445,4
5446,1
5448,2
5449,2
5450,4
5452,4
5454,2
5455,0
5458,0
5459,1
5460,1
5461,0
5462,0
5465,3
5466,1
5467,1
5468,3
5469,0
5471,0
5473,3
5475,3
5476,0
5477,3
5479,0
5480,0
5481,4
5482,3
5484,3
5485,2
5486,0
5487,1
5488,2
5489,3
5491,0
5492,4
5493,4
5494,0
5495,2
5496,3
5497,2
5498,4
5499,2
5501,3
5502,2
5503,4
5505,1
5506,3
5507,0
5509,3
5510,1
5514,3
5515,4
5517,1
5518,0
5519,4
5520,4
5521,4
5522,4
5524,1
5525,4
5526,2
5528,1
5529,3
5531,1
5532,2
5534,4
5535,4
5538,3
5539,3
5540,4
5541,4
5544,0
5545,3
5547,4
5548,1
5552,1
5553,4
5554,4
5555,3
5556,4
5557,4
5558,2
5559,3
5560,3
5561,2
5563,3
5564,4
5565,2
5567,3
5569,2
5570,4
5573,3
5575,3
5576,2
5577,4
5578,0
5579,3
5580,0
5581,3
5582,4
5584,3
5586,3
5587,0
5588,1
5589,3
5590,0
5592,4
5593,2
5594,2
5595,4
5598,3
5599,3
5600,3
5602,0
5603,1
5604,2
5605,3
5608,2
5609,0
5611,4
5612,4
5613,3
5614,3
5617,1
5618,4
5619,2
5620,1
5621,2
5622,1
5624,0
5625,4
5626,1
5627,1
5628,4
5629,4
5631,2
5632,2
5633,4
5634,0
5635,3
5638,4
5641,3
5642,4
5644,4
5645,2
5646,2
5647,0
5650,2
5651,4
5652,4
5653,4
5654,4
5655,1
5656,0
5657,3
5658,0
5659,4
5661,4
5662,1
5663,1
5664,4
5665,3
5668,4
5669,0
5670,2
5671,1
5672,3
5673,4
5674,1
5675,1
5676,3
5677,1
5680,3
5683,1
5684,3
5685,4
5686,1
5687,1
5688,0
5689,0
5690,4
5692,3
5693,4
5694,3
5695,1
5698,3
5699,3
5703,2
5704,1
5705,3
5706,3
5707,4
5710,4
5711,0
5712,3
5713,4
5714,1
5715,0
5716,1
5717,4
5719,0
5720,1
5721,2
5722,2
5724,1
5726,2
5727,1
5729,0
5730,2
5732,1
5733,3
5734,3
5736,4
5739,2
5740,0
5741,0
5743,4
5744,4
5745,4
5746,2
5748,1
5751,1
5752,1
5753,3
5754,1
5757,0
5758,0
5759,2
5760,0
5763,3
5764,2
5765,3
5766,4
5769,3
5771,1
5772,4
5775,4
5776,4
5777,1
5778,0
5780,2
5781,0
5783,1
5784,2
5789,3
5790,1
5791,3
5792,0
5793,2
5794,3
5795,3
5797,2
5798,1
5799,4
5800,3
5801,1
5803,2
5804,3
5805,4
5807,4
5808,1
5812,0
5814,4
5815,0
5816,0
5817,1
5818,1
5819,3
5821,4
5822,4
5824,2
5825,0
5826,0
5827,2
5828,1
5829,4
5832,1
5833,0
5834,2
5835,4
5836,0
5837,1
5840,3
5841,2
5842,1
5843,3
5845,2
5847,0
5848,3
5849,2
5850,4
5853,1
5854,4
5855,3
5856,0
5858,0
5861,0
5863,4
5864,4
5867,1
5868,1
5869,0
5870,4
5873,1
5874,3
5875,1
5876,2
5881,2
5882,2
5883,2
5884,1
5885,0
5886,4
5887,3
5888,3
5889,0
5890,4
5891,0
5892,1
5893,0
5894,2
5896,1
5898,0
5899,3
5900,1
5901,2
5902,4
5903,4
5904,2
5905,1
5906,4
5907,1
5908,4
5909,1
5911,4
5912,2
5913,3
5916,2
5918,4
5919,0
5920,3
5921,4
5922,2
5923,3
5925,4
5927,0
5928,2
5929,4
5930,4
5932,3
5933,3
5934,1
5935,3
5937,3
5938,4
5939,4
5942,1
5943,3
5944,3
5947,1
5949,1
5950,3
5952,3
5953,4
5954,4
5955,1
5956,4
5957,0
5958,3
5959,4
5960,3
5961,4
5962,0
5963,2
5964,0
5965,2
5966,3
5972,2
5974,3
5975,2
5978,3
5979,4
5980,2
5981,1
5982,1
5983,4
5985,1
5987,2
5988,2
5989,4
5990,2
5991,1
5992,0
5995,3
5996,1
5997,1
5998,3
5999,1
6000,1
6001,3
6002,2
6003,4
6004,3
6007,0
6009,1
6012,1
6013,2
6015,4
6017,4
6019,1
6020,1
6022,4
6023,3
6024,2
6026,1
6027,3
6030,0
6031,3
6032,2
6033,3
6034,0
6036,2
6037,2
6038,1
6039,3
6041,3
6043,4
6045,0
6047,2
6048,2
6049,3
6050,0
6051,4
6053,3
6055,2
6056,1
6057,3
6058,2
6059,0
6060,0
6061,3
6064,1
6065,1
6066,1
6069,1
6070,3
6071,2
6072,0
6073,2
6074,0
6075,1
6076,0
6078,3
6083,1
6084,3
6085,3
6086,3
6087,2
6088,1
6090,3
6091,3
6092,2
6093,0
6094,3
6096,1
6097,0
6098,4
6099,0
6100,1
6102,4
6103,1
6104,3
6105,1
6106,0
6108,4
6109,4
6110,3
6111,0
6112,1
6113,0
6115,2
6116,2
6118,1
6119,2
6120,3
6123,4
6125,4
6126,3
6127,3
6128,2
6130,0
6132,2
6133,0
6134,2
6135,1
6137,3
6138,4
6140,2
6141,3
6145,4
6146,3
6147,3
6148,3
6150,1
6151,0
6152,4
6153,0
6154,4
6156,2
6159,0
6160,4
6162,4
6163,1
6164,0
6165,0
6166,0
6167,1
6169,4
6170,1
6171,4
6173,4
6174,0
6175,3
6178,0
6181,1
6183,0
6184,2
6185,2
6187,4
6188,4
6191,3
6192,3
6193,1
6195,2
6196,4
6197,1
6198,4
6199,3
6200,2
6201,2
6202,3
6203,4
6206,0
6207,3
6208,4
6211,4
6213,2
6215,3
6216,1
6217,4
6218,4
6219,4
6220,4
6222,1
6223,4
6224,1
6226,1
6227,3
6230,1
6232,4
6233,4
6234,3
6240,2
6241,3
6243,2
6244,2
6245,1
6246,2
6247,3
6248,1
6253,1
6254,2
6255,1
6256,2
6257,4
6258,1
6259,3
6261,1
6262,0
6263,2
6265,4
6267,1
6268,2
6269,3
6271,3
6272,1
6273,1
6274,4
6276,3
6277,1
6278,1
6281,4
6282,4
6283,3
6292,0
6293,1
6294,3
6296,0
6297,0
6299,1
6300,4
6301,3
6302,2
6303,1
6304,2
6305,4
6306,2
6310,0
6311,2
6312,0
6314,0
6315,0
6317,4
6318,3
6320,0
6322,3
6323,4
6325,1
6326,2
6328,0
6329,2
6330,1
6331,2
6332,3
6334,0
6335,0
6336,4
6337,0
6338,2
6339,2
6340,1
6341,2
6342,0
6343,2
6344,0
6345,4
6346,0
6347,4
6348,2
6349,3
6350,2
6354,2
6355,0
6356,0
6358,1
6361,4
6362,0
6363,4
6365,0
6366,4
6369,3
6370,2
6371,1
6372,3
6373,1
6374,3
6375,3
6376,4
6380,4
6382,4
6383,1
6384,2
6385,3
6386,3
6387,4
6388,0
6389,1
6391,0
6392,1
6393,0
6394,0
6395,0
6396,1
6397,1
6398,1
6399,0
6400,0
6402,3
6403,0
6404,2
6405,1
6406,1
6407,2
6410,2
6412,2
6413,1
6414,4
6415,4
6416,0
6417,3
6418,1
6420,2
6421,4
6422,3
6423,1
6425,1
6427,1
6429,3
6430,2
6434,2
6436,4
6438,2
6440,2
6441,2
6443,4
6445,0
6446,1
6448,0
6449,3
6450,2
6451,1
6452,4
6453,1
6454,3
6455,1
6458,4
6459,0
6461,3
6462,2
6463,4
6464,1
6465,3
6466,3
6467,0
6469,0
6470,2
6472,1
6473,1
6474,3
6477,3
6478,4
6480,0
6481,2
6482,0
6484,2
6485,0
6486,2
6490,2
6491,3
6492,3
6493,4
6494,2
6495,0
6497,0
6499,4
6500,1
6501,1
6504,0
6505,0
6506,0
6510,3
6511,3
6512,1
6513,3
6514,0
6515,4
6516,1
6518,3
6519,3
6520,0
6523,2
6525,0
6527,0
6528,3
6529,4
6530,3
6532,0
6534,1
6535,4
6536,0
6537,1
6540,2
6541,3
6542,3
6543,3
6545,3
6546,0
6547,1
6548,3
6549,0
6550,4
6551,3
6552,0
6553,3
6554,4
6555,0
6556,4
6559,2
6560,3
6561,2
6565,1
6566,2
6567,4
6568,3
6569,2
6570,0
6571,2
6572,3
6573,3
6575,1
6576,1
6577,2
6579,2
6580,2
6582,0
6583,1
6585,3
6586,3
6588,3
6591,2
6593,4
6594,0
6596,3
6597,2
6598,3
6601,0
6602,3
6603,4
6604,3
6605,1
6607,2
6608,3
6610,4
6611,1
6613,4
6614,1
6616,1
6617,3
6619,2
6621,4
6622,0
6624,2
6625,1
6626,3
6627,3
6628,2
6629,0
6630,3
6631,4
6632,0
6634,1
6635,0
6636,1
6637,3
6638,1
6642,1
6643,3
6644,4
6646,3
6647,1
6648,0
6649,3
6653,3
6654,4
6655,2
6656,0
6658,2
6660,1
6661,3
6662,0
6663,4
6664,3
6665,3
6667,4
6668,2
6669,2
6670,1
6672,1
6675,4
6676,0
6678,0
6679,4
6681,1
6682,1
6683,0
6686,2
6687,4
6688,4
6689,4
6690,0
6693,2
6694,3
6695,1
6697,2
6699,0
6700,3
6701,3
6702,4
6703,1
6706,3
6707,0
6708,3
6709,1
6711,3
6712,3
6714,1
6716,0
6719,1
6721,4
6722,4
6723,4
6724,3
6725,2
6726,3
6727,1
6729,3
6730,4
6731,2
6734,0
6735,2
6736,1
6737,2
6738,3
6742,1
6744,2
6745,2
6746,3
6748,1
6749,1
6751,1
6754,1
6756,1
6757,4
6758,0
6759,1
6760,0
6762,2
6764,2
6765,4
6766,4
6767,3
6769,4
6772,4
6773,4
6774,2
6775,1
6776,2
6779,4
6781,2
6783,2
6784,1
6785,0
6787,4
6788,3
6789,4
6790,4
6792,3
6793,1
6794,3
6795,3
6796,4
6799,1
6800,1
6801,0
6802,4
6804,4
6806,1
6807,2
6808,4
6809,1
6810,0
6811,1
6813,3
6814,0
6815,2
6817,2
6819,1
6820,0
6821,1
6823,3
6824,2
6828,1
6830,0
6832,4
6833,2
6834,4
6835,0
6837,0
6839,4
6841,4
6843,2
6844,3
6845,3
6847,4
6848,4
6849,3
6850,0
6852,0
6854,3
6855,2
6857,4
6858,2
6860,3
6861,3
6862,2
6863,0
6864,3
6867,4
6870,3
6872,3
6874,4
6875,1
6876,0
6877,2
6878,0
6879,1
6880,1
6881,0
6882,4
6883,2
6884,3
6885,4
6890,4
6892,0
6893,3
6896,3
6897,2
6898,4
6900,1
6903,2
6905,2
6907,4
6908,2
6909,2
6910,2
6911,3
6912,4
6913,1
6914,1
6915,1
6916,4
6917,0
6918,3
6919,4
6920,4
6921,3
6925,4
6926,2
6928,3
6929,3
6930,0
6931,1
6932,3
6933,3
6935,0
6936,1
6937,1
6939,2
6940,4
6943,4
6945,3
6946,4
6948,0
6949,0
6950,3
6951,4
6953,4
6954,0
6955,3
6956,1
6959,2
6960,2
6961,3
6962,0
6963,4
6965,2
6966,1
6967,2
6970,0
6971,0
6972,3
6973,3
6974,4
6975,0
6977,0
6978,0
6979,2
6980,1
6981,3
6983,1
6984,4
6985,3
6988,2
6990,0
6992,2
6994,3
6996,3
6998,1
6999,1
7001,0
7002,2
7005,4
7006,1
7008,3
7009,3
7010,0
7012,0
7013,0
7015,0
7018,2
7019,4
7021,2
7023,0
7024,2
7025,2
7026,1
7027,1
7029,4
7030,1
7031,1
7032,0
7036,4
7037,3
7039,3
7043,3
7044,2
7046,3
7047,4
7048,3
7050,2
7051,4
7052,3
7053,2
7054,3
7056,3
7058,4
7059,0
7060,0
7061,3
7063,3
7065,0
7068,2
7069,2
7070,4
7071,1
7073,0
7074,2
7075,0
7076,3
7077,3
7078,3
7080,2
7081,1
7086,2
7088,3
7089,4
7091,4
7092,0
7093,2
7095,0
7097,4
7098,4
7104,3
7105,1
7106,1
7108,2
7109,3
7111,4
7112,0
7114,0
7115,2
7116,1
7118,3
7120,1
7121,4
7122,2
7124,0
7125,0
7126,1
7128,0
7129,0
7130,3
7131,0
7132,1
7134,2
7135,1
7136,4
7137,4
7138,3
7140,2
7141,2
7142,2
7144,0
7146,1
7147,0
7148,1
7149,2
7150,1
7154,0
7155,2
7157,1
7158,2
7159,0
7160,3
7161,2
7163,4
7164,3
7165,1
7166,1
7167,4
7168,1
7169,2
7171,3
7173,1
7174,4
7175,3
7176,3
7178,1
7179,1
7180,4
7183,4
7184,4
7185,3
7186,2
7187,4
7188,3
7191,4
7192,3
7193,3
7194,0
7195,2
7196,2
7197,4
7198,3
7199,1
7201,4
7202,2
7203,1
7204,0
7205,2
7206,3
7208,4
7210,0
7211,2
7213,0
7214,0
7215,1
7218,2
7221,2
7223,4
7224,1
7226,4
7227,1
7228,4
7229,0
7230,3
7231,3
7232,0
7234,4
7235,3
7236,1
7241,3
7242,2
7244,0
7247,1
7248,1
7250,2
7251,0
7252,0
7253,2
7254,0
7255,2
7256,1
7260,1
7261,0
7264,2
7265,4
7266,3
7267,2
7268,0
7270,1
7272,1
7274,3
7275,2
7277,4
7278,3
7280,3
7281,2
7283,1
7285,1
7286,0
7287,2
7288,4
7289,3
7290,2
7291,4
7292,2
7294,1
7295,4
7296,3
7297,2
7299,3
7300,2
7301,2
7302,0
7306,1
7307,3
7309,4
7310,2
7311,3
7312,4
7315,1
7316,0
7317,4
7318,0
7319,3
7320,2
7323,4
7324,1
7325,4
7326,1
7328,0
7329,1
7330,1
7331,4
7332,0
7334,1
7335,4
7337,3
7338,0
7340,1
7342,0
7343,3
7344,1
7345,2
7348,4
7350,2
7352,1
7354,0
7355,4
7356,2
7357,4
7358,1
7359,3
7360,2
7361,2
7362,1
7365,1
7366,1
7367,4
7369,3
7371,2
7372,2
7373,2
7374,0
7377,0
7378,4
7380,0
7381,4
7383,0
7386,3
7390,1
7391,3
7392,4
7393,4
7395,0
7397,3
7400,1
7402,0
7403,3
7405,0
7407,0
7408,3
7410,3
7412,3
7413,0
7414,4
7415,3
7416,1
7418,4
7419,0
7421,0
7424,0
7425,1
7426,3
7428,3
7430,3
7431,0
7433,4
7434,4
7437,1
7438,4
7439,4
7442,0
7443,1
7444,4
7446,1
7447,2
7451,2
7452,2
7453,4
7456,3
7457,4
7458,3
7459,1
7461,2
7463,1
7465,1
7467,0
7470,3
7473,0
7474,3
7475,2
7476,2
7477,4
7478,4
7479,3
7480,3
7481,0
7482,2
7488,3
7490,0
7491,3
7493,0
7494,1
7496,3
7497,4
7498,4
7501,2
7502,4
7503,1
7504,3
7505,0
7507,4
7510,3
7512,3
7513,3
7514,1
7515,4
7517,1
7518,4
7519,4
7520,0
7521,3
7522,4
7523,3
7525,3
7526,1
7527,4
7528,4
7529,4
7530,2
7531,2
7532,1
7533,0
7534,2
7535,4
7536,2
7537,3
7540,2
7542,2
7543,4
7544,1
7545,2
7547,3
7548,0
7550,3
7551,2
7552,0
7553,1
7554,2
7555,1
7556,3
7557,0
7558,0
7559,3
7560,4
7561,1
7563,3
7565,0
7566,4
7568,3
7569,2
7570,1
7571,4
7573,0
7576,2
7577,0
7578,4
7579,4
7580,2
7581,3
7582,2
7583,3
7584,2
7585,2
7587,0
7588,2
7589,3
7590,1
7591,1
7593,1
7594,3
7595,2
7598,0
7600,0
7601,0
7602,1
7603,0
7604,0
7605,3
7607,3
7608,3
7609,4
7610,0
7611,0
7612,0
7613,3
7614,0
7616,0
7617,4
7619,1
7621,3
7622,2
7623,1
7626,4
7627,3
7628,3
7630,1
7631,1
7633,2
7634,4
7635,3
7638,3
7639,3
7640,4
7641,2
7642,2
7643,3
7644,4
7645,0
7647,2
7648,3
7649,2
7650,3
7651,2
7652,3
7653,3
7654,1
7656,4
7657,3
7659,1
7661,3
7662,2
7663,2
7668,4
7669,3
7670,1
7671,0
7672,1
7674,2
7675,0
7677,1
7678,0
7679,2
7680,2
7681,1
7683,4
7685,2
7686,2
7687,2
7688,4
7689,3
7691,4
7692,1
7693,0
7694,2
7695,3
7696,2
7698,4
7699,0
7701,1
7702,4
7703,1
7707,0
7711,1
7712,2
7714,4
7715,4
7717,2
7718,0
7719,2
7720,3
7721,4
7722,3
7723,2
7724,0
7725,1
7727,1
7728,4
7731,4
7733,1
7735,0
7736,2
7737,3
7738,4
7739,4
7742,0
7743,3
7744,2
7746,3
7747,1
7748,3
7749,4
7750,4
7751,1
7752,3
7753,1
7754,0
7755,4
7756,3
7758,0
7759,4
7760,1
7761,4
7763,4
7764,4
7765,2
7766,0
7767,2
7768,0
7769,2
7771,2
7772,4
7773,1
7774,3
7775,4
7780,4
7781,2
7783,1
7784,4
7785,0
7787,2
7788,0
7789,0
7790,3
7793,2
7797,1
7799,0
7800,1
7801,2
7802,2
7803,0
7804,2
7807,0
7809,3
7810,3
7812,0
7813,2
7815,4
7816,3
7817,2
7818,1
7821,3
7822,3
7823,1
7824,0
7826,3
7827,2
7828,4
7830,3
7831,0
7832,0
7833,0
7835,2
7837,0
7839,2
7840,1
7842,4
7843,4
7844,4
7847,2
7848,3
7849,4
7850,3
7851,2
7852,2
7854,1
7855,0
7857,2
7860,2
7861,3
7862,4
7863,1
7864,1
7865,3
7867,4
7868,0
7869,2
7870,1
7871,4
7872,4
7873,0
7874,3
7876,0
7877,4
7878,3
7880,2
7881,1
7882,4
7883,1
7885,1
7887,4
7888,2
7889,3
7891,1
7893,0
7894,2
7895,2
7897,3
7898,4
7902,2
7903,0
7905,0
7906,2
7907,4
7908,2
7909,0
7910,4
7912,1
7913,3
7914,3
7915,2
7916,3
7918,2
7923,2
7924,0
7926,1
7929,3
7930,3
7932,4
7933,1
7934,1
7935,1
7936,1
7937,3
7938,1
7939,4
7940,3
7941,0
7943,0
7944,2
7945,3
7949,4
7950,2
7952,2
7953,1
7954,2
7955,0
7957,2
7958,0
7959,4
7960,3
7962,3
7963,0
7965,3
7968,0
7969,0
7970,0
7971,1
7972,4
7973,4
7976,2
7977,3
7978,4
7980,4
7981,2
7982,4
7983,1
7984,0
7987,2
7988,1
7989,3
7990,2
7991,0
7992,2
7994,0
7996,2
7999,0
8000,0
8001,2
8002,0
8003,0
8005,1
8006,1
8008,3
8009,0
8010,1
8012,0
8013,0
8015,3
8016,3
8017,3
8018,1
8019,4
8020,2
8021,3
8023,2
8024,2
8025,4
8026,4
8028,4
8029,4
8030,4
8031,0
8032,1
8034,3
8035,3
8036,3
8037,4
8038,3
8039,1
8040,2
8043,2
8044,0
8045,1
8047,4
8049,2
8055,2
8056,0
8057,4
8058,2
8060,0
8061,0
8062,0
8064,3
8065,3
8066,1
8067,0
8068,4
8069,3
8070,0
8071,2
8073,3
8074,4
8079,0
8081,4
8083,3
8084,3
8085,1
8087,0
8088,1
8089,4
8091,4
8094,0
8095,0
8096,4
8097,3
8098,0
8100,4
8101,1
8102,0
8103,3
8105,2
8106,0
8109,4
8110,0
8111,2
8112,0
8113,3
8116,4
8118,2
8119,1
8120,1
8121,3
8122,4
8125,3
8126,4
8128,3
8129,3
8130,4
8131,0
8133,3
8135,3
8136,0
8137,3
8138,0
8140,2
8141,4
8142,3
8143,4
8144,2
8146,3
8147,1
8149,2
8150,1
8154,2
8155,1
8156,2
8158,1
8159,2
8161,3
8162,0
8163,3
8164,0
8165,1
8168,0
8169,0
8170,1
8171,0
8172,0
8175,0
8176,4
8177,1
8180,4
8181,0
8182,3
8183,1
8184,1
8187,0
8188,0
8189,0
8190,3
8191,1
8195,3
8196,4
8201,3
8202,0
8203,2
8204,4
8205,4
8208,0
8209,1
8210,0
8211,3
8212,0
8213,0
8214,0
8215,1
8216,2
8217,1
8218,1
8219,3
8221,3
8223,1
8224,2
8225,0
8226,0
8231,3
8232,2
8234,3
8235,1
8236,4
8237,3
8238,2
8239,2
8240,4
8241,1
8242,2
8243,0
8244,1
8245,0
8246,3
8247,4
8250,0
8251,2
8252,4
8253,0
8254,3
8256,2
8257,4
8258,2
8259,0
8261,2
8262,3
8264,3
8266,0
8267,1
8270,4
8271,3
8274,1
8276,0
8278,0
8279,1
8280,2
8283,2
8284,0
8285,2
8286,0
8287,1
8288,2
8289,2
8291,3
8292,0
8294,2
8295,3
8296,4
8297,4
8298,1
8300,2
8301,0
8304,1
8309,1
8310,3
8311,3
8312,4
8314,4
8315,0
8317,3
8318,0
8320,4
8321,3
8324,1
8329,2
8330,3
8332,1
8334,0
8335,0
8337,4
8339,4
8341,0
8344,1
8345,1
8346,2
8347,1
8348,0
8349,0
8350,4
8351,3
8352,2
8355,4
8356,3
8360,4
8361,0
8362,4
8363,2
8364,0
8365,2
8366,1
8367,0
8368,4
8369,1
8370,4
8371,2
8372,3
8374,4
8375,1
8377,2
8378,0
8382,0
8383,0
8385,1
8386,3
8387,3
8388,1
8389,2
8390,4
8391,3
8392,2
8393,3
8394,3
8396,3
8397,0
8399,0
8400,1
8401,3
8402,3
8404,1
8405,0
8406,1
8408,3
8409,0
8410,0
8411,2
8412,3
8414,3
8415,0
8416,3
8418,2
8419,3
8422,2
8423,4
8425,3
8428,3
8429,0
8430,4
8431,3
8432,0
8433,3
8434,4
8435,3
8436,0
8437,4
8440,4
8441,2
8443,4
8444,3
8445,4
8446,0
8447,3
8448,1
8450,0
8451,0
8452,0
8453,1
8454,3
8455,0
8457,3
8458,0
8459,0
8461,3
8463,4
8464,0
8468,0
8471,4
8472,0
8473,3
8475,1
8476,3
8477,2
8478,0
8480,3
8483,3
8484,1
8486,1
8487,3
8489,4
8490,0
8491,1
8494,4
8496,3
8497,0
8498,1
8500,3
8502,0
8503,3
8504,2
8505,1
8506,2
8507,2
8508,1
8509,1
8510,4
8511,1
8512,3
8513,3
8514,3
8515,2
8516,0
8517,0
8518,0
8520,1
8522,2
8523,3
8524,0
8526,4
8528,0
8530,2
8531,0
8533,0
8536,0
8538,2
8539,1
8540,3
8541,1
8542,4
8543,4
8545,1
8546,3
8547,0
8550,0
8551,2
8553,4
8555,0
8556,2
8557,1
8558,0
8559,3
8560,4
8561,2
8562,1
8567,1
8570,0
8571,0
8572,1
8574,2
8575,2
8576,4
8577,3
8578,0
8579,0
8580,4
8581,2
8582,1
8584,1
8585,0
8586,0
8587,0
8589,4
8591,0
8595,3
8596,4
8598,2
8599,3
8606,3
8607,3
8608,2
8609,3
8610,4
8612,4
8613,0
8615,4
8618,3
8620,4
8621,1
8622,1
8623,4
8624,4
8625,0
8627,1
8628,3
8631,2
8633,1
8635,2
8636,4
8637,1
8638,4
8639,2
8640,3
8642,4
8643,2
8644,4
8646,3
8647,4
8648,1
8650,0
8651,4
8653,3
8654,2
8655,2
8656,2
8657,3
8658,1
8659,0
8660,4
8661,0
8662,0
8663,0
8664,0
8665,4
8667,3
8668,2
8669,4
8670,2
8673,1
8674,1
8676,0
8677,1
8680,1
8681,3
8683,4
8684,4
8685,2
8686,1
8688,3
8689,0
8690,3
8691,0
8692,4
8693,2
8694,4
8695,0
8696,4
8697,3
8698,4
8699,2
8700,4
8702,2
8704,4
8705,4
8706,3
8708,2
8709,0
8710,4
8711,3
8712,2
8714,3
8715,0
8717,0
8718,1
8720,2
8721,4
8722,4
8723,3
8724,3
8726,0
8727,3
8728,3
8729,0
8732,1
8733,1
8734,2
8735,0
8736,1
8737,3
8738,3
8739,2
8740,0
8741,2
8742,4
8743,4
8744,2
8745,3
8746,3
8747,2
8750,0
8751,1
8752,3
8753,0
8754,2
8755,2
8757,0
8758,1
8759,0
8760,1
8761,1
8762,0
8763,0
8766,3
8767,3
8768,2
8770,1
8774,2
8775,3
8776,4
8777,1
8778,1
8780,2
8781,3
8782,4
8783,4
8784,0
8785,0
8786,0
8787,0
8788,0
8789,4
8790,0
8791,3
8793,2
8795,1
8797,0
8799,4
8800,3
8801,3
8802,3
8804,4
8805,2
8806,0
8808,3
8810,3
8812,2
8815,2
8816,4
8817,1
8823,3
8825,1
8829,2
8830,2
8831,0
8832,3
8835,3
8836,3
8837,1
8838,3
8839,2
8840,4
8841,0
8842,4
8843,3
8844,0
8846,4
8848,4
8850,3
8851,4
8852,0
8853,0
8854,3
8855,1
8856,2
8857,0
8858,4
8859,3
8860,4
8862,1
8863,2
8864,0
8865,1
8866,3
8869,2
8871,0
8872,1
8875,0
8878,0
8880,0
8881,4
8883,2
8885,2
8886,4
8887,2
8888,0
8890,1
8892,2
8893,1
8896,2
8899,3
8900,2
8902,0
8903,0
8905,4
8906,4
8907,3
8908,2
8912,0
8913,1
8914,3
8916,1
8920,0
8921,1
8923,0
8924,1
8926,0
8927,4
8931,4
8933,4
8934,1
8935,2
8936,1
8938,3
8939,0
8941,2
8942,3
8944,1
8945,2
8946,4
8947,1
8948,2
8949,2
8952,1
8953,3
8955,2
8956,0
8957,2
8959,4
8961,1
8962,1
8963,0
8965,1
8966,2
8967,1
8968,4
8969,0
8970,3
8971,1
8972,4
8973,2
8974,0
8976,1
8978,2
8979,1
8980,3
8983,2
8985,2
8986,3
8987,4
8989,3
8992,1
8993,4
8994,0
8996,2
8998,0
8999,4
9000,0
9001,0
9002,3
9005,3
9006,4
9007,3
9008,4
9009,4
9012,0
9016,2
9018,4
9020,0
9022,3
9023,0
9025,2
9026,4
9027,2
9028,0
9029,0
9030,3
9031,4
9033,4
9034,1
9038,3
9039,0
9040,1
9041,4
9042,1
9044,1
9045,1
9047,2
9051,1
9052,0
9053,4
9054,4
9055,0
9057,3
9058,3
9059,3
9060,3
9061,3
9062,4
9064,2
9067,2
9071,1
9072,1
9074,4
9075,3
9077,3
9078,1
9079,1
9080,4
9081,4
9082,2
9083,4
9084,2
9085,4
9086,4
9087,0
9088,0
9089,0
9090,4
9093,1
9094,2
9095,1
9096,0
9097,4
9098,1
9099,4
9100,4
9101,2
9102,1
9103,2
9106,2
9107,0
9109,0
9110,2
9112,0
9113,4
9114,2
9116,2
9118,2
9119,3
9120,4
9121,3
9123,2
9124,1
9126,2
9128,3
9130,4
9131,2
9132,1
9134,2
9135,3
9137,1
9139,4
9141,1
9142,0
9143,1
9144,4
9145,1
9146,4
9148,3
9149,1
9151,1
9154,3
9156,1
9157,3
9159,1
9161,2
9162,4
9164,1
9166,0
9169,4
9171,1
9172,1
9173,4
9174,3
9175,0
9177,0
9179,3
9180,0
9181,4
9182,4
9183,3
9185,4
9187,0
9191,2
9192,4
9193,2
9194,0
9195,3
9197,1
9203,2
9206,1
9207,4
9208,3
9209,2
9210,0
9211,4
9212,4
9215,3
9216,4
9217,1
9218,2
9219,1
9220,3
9221,3
9222,2
9223,1
9225,1
9226,0
9230,2
9231,2
9232,2
9233,1
9235,0
9237,0
9238,0
9239,2
9240,4
9242,4
9244,3
9246,4
9247,0
9248,3
9249,1
9250,4
9251,1
9252,4
9253,2
9254,2
9255,3
9257,0
9259,3
9260,0
9262,2
9263,2
9264,2
9265,3
9266,4
9267,4
9268,0
9269,3
9270,1
9271,4
9272,3
9273,4
9275,0
9276,0
9277,2
9278,3
9280,2
9281,0
9283,4
9286,3
9287,3
9288,0
9289,1
9290,0
9292,4
9293,2
9294,3
9296,0
9297,2
9298,0
9300,1
9301,1
9303,3
9307,4
9308,4
9309,4
9311,4
9313,4
9314,1
9315,2
9317,4
9319,1
9320,1
9321,2
9322,2
9324,1
9325,1
9329,2
9330,2
9332,3
9333,4
9334,1
9337,4
9338,0
9339,1
9341,1
9342,3
9343,4
9344,4
9345,3
9346,4
9347,2
9348,4
9350,3
9351,2
9355,3
9360,3
9361,4
9362,1
9363,2
9365,0
9367,2
9368,4
9371,1
9372,4
9373,1
9374,0
9375,4
9376,2
9377,1
9378,2
9380,2
9382,1
9384,2
9385,3
9386,4
9387,3
9388,0
9391,1
9393,0
9395,3
9396,3
9397,2
9401,0
9402,0
9403,2
9404,1
9405,4
9406,4
9408,0
9410,2
9411,4
9414,4
9416,3
9417,1
9418,1
9420,2
9421,3
9422,0
9425,4
9430,2
9431,2
9432,1
9434,2
9435,0
9436,3
9438,3
9439,2
9441,3
9445,3
9446,3
9448,1
9449,4
9450,1
9451,2
9452,3
9453,1
9454,4
9455,2
9456,1
9457,4
9458,4
9460,1
9463,3
9465,2
9466,0
9467,4
9468,4
9469,0
9470,4
9471,2
9472,2
9474,1
9480,1
9481,1
9482,0
9484,0
9485,3
9486,4
9488,1
9489,3
9490,1
9491,0
9492,0
9493,3
9495,2
9496,4
9499,2
9500,1
9501,1
9502,2
9503,1
9504,4
9505,0
9507,1
9508,2
9509,4
9510,3
9511,1
9513,2
9519,1
9520,4
9522,1
9524,3
9525,0
9526,1
9529,4
9531,4
9533,4
9537,0
9538,0
9539,0
9540,4
9541,2
9542,4
9547,4
9548,2
9550,3
9551,1
9552,4
9553,2
9554,2
9555,2
9556,0
9557,1
9559,2
9562,4
9563,2
9564,2
9565,4
9566,3
9567,0
9568,2
9569,0
9571,1
9572,4
9574,1
9575,1
9576,1
9577,4
9579,0
9580,1
9581,4
9582,1
9583,3
9585,4
9586,0
9589,2
9590,3
9591,1
9592,0
9593,4
9594,2
9595,3
9596,4
9597,3
9598,1
9600,1
9602,1
9603,1
9605,3
9606,2
9607,1
9608,2
9609,3
9610,4
9611,4
9612,3
9613,3
9616,1
9617,0
9618,0
9619,2
9620,0
9625,1
9627,3
9629,4
9632,3
9634,2
9636,1
9638,1
9639,1
9640,3
9642,3
9643,2
9644,1
9645,4
9646,0
9650,3
9651,3
9652,0
9653,1
9654,2
9655,0
9656,1
9657,4
9659,3
9660,0
9661,4
9663,2
9664,3
9665,4
9666,1
9667,0
9669,3
9670,1
9672,1
9673,2
9674,2
9675,0
9678,1
9680,0
9681,4
9683,2
9684,4
9686,0
9687,0
9688,4
9690,1
9691,4
9695,2
9697,3
9698,3
9699,3
9701,0
9702,0
9703,2
9704,0
9705,1
9706,3
9707,2
9708,4
9709,4
9710,4
9712,0
9714,0
9715,1
9716,2
9717,1
9718,0
9719,0
9722,1
9723,4
9724,2
9728,2
9729,2
9730,3
9731,0
9732,1
9733,1
9734,4
9736,3
9737,3
9738,1
9739,4
9741,2
9744,0
9745,1
9746,1
9749,1
9750,1
9752,0
9753,0
9754,0
9755,3
9756,3
9757,4
9759,1
9760,2
9761,0
9762,0
9763,0
9764,4
9765,4
9766,0
9769,1
9770,3
9771,3
9772,1
9774,4
9775,3
9776,3
9778,3
9779,0
9780,1
9782,3
9783,3
9785,0
9787,2
9788,0
9790,0
9791,3
9794,1
9795,3
9796,3
9797,0
9800,4
9801,1
9806,0
9808,4
9810,2
9812,2
9813,0
9815,0
9816,1
9818,2
9819,4
9820,1
9822,4
9823,4
9826,2
9828,1
9829,4
9830,3
9831,2
9832,2
9833,0
9834,3
9835,0
9836,1
9837,2
9838,1
9841,0
9842,3
9846,3
9849,1
9850,1
9853,3
9854,3
9857,4
9858,4
9859,1
9860,1
9861,4
9862,4
9864,4
9865,2
9866,3
9868,2
9869,4
9870,4
9872,2
9873,4
9874,3
9875,3
9877,0
9878,4
9880,4
9881,2
9883,3
9884,3
9885,3
9886,1
9887,0
9888,2
9889,0
9890,0
9894,4
9896,1
9897,3
9898,4
9901,2
9905,3
9906,4
9907,0
9909,0
9910,3
9911,0
9912,4
9915,3
9916,3
9918,4
9919,4
9920,4
9921,2
9923,3
9925,4
9930,4
9931,3
9932,4
9933,2
9934,4
9935,2
9937,4
9938,1
9940,4
9941,3
9942,1
9943,2
9944,0
9945,2
9946,3
9948,1
9949,2
9950,4
9952,3
9953,4
9955,0
9958,4
9960,1
9961,0
9963,1
9965,0
9967,2
9971,0
9972,1
9973,3
9974,1
9976,4
9978,4
9979,2
9980,1
9982,3
9983,2
9984,2
9985,0
9986,3
9987,0
9988,4
9989,1
9990,2
9991,1
9992,2
9994,4
9995,0
9998,2
10000,1
10001,4
10003,2
10004,3
10005,3
10006,2
10008,2
10009,4
10010,2
10011,1
10012,1
10013,4
10014,1
10016,3
10017,0
10018,0
10020,4
10021,3
10023,2
10025,1
10027,0
10028,3
10029,2
10030,1
10031,1
10032,1
10034,4
10035,1
10036,1
10037,0
10038,2
10039,4
10040,4
10041,1
10042,1
10044,3
10045,1
10047,1
10048,1
10049,2
10050,3
10052,1
10054,1
10055,4
10056,1
10057,3
10058,2
10059,0
10060,2
10061,1
10064,4
10066,4
10067,1
10069,2
10070,2
10071,3
10072,0
10073,4
10074,3
10075,0
10076,0
10077,2
10079,2
10080,2
10081,0
10082,0
10083,2
10084,3
10085,3
10087,0
10088,1
10089,3
10090,1
10091,4
10092,2
10093,3
10098,4
10099,0
10100,3
10101,2
10102,4
10105,3
10106,1
10107,4
10109,1
10110,2
10111,3
10112,4
10113,0
10114,1
10115,1
10116,0
10117,0
10118,4
10119,2
10120,0
10121,4
10124,4
10125,1
10126,1
10127,0
10129,3
10130,3
10132,0
10136,4
10137,4
10138,0
10139,2
10140,1
10141,3
10142,4
10143,3
10144,4
10146,2
10147,2
10149,4
10150,2
10151,0
10152,2
10153,0
10156,2
10157,4
10159,2
10163,3
10164,3
10168,3
10169,2
10171,0
10172,4
10173,3
10174,0
10175,3
10176,2
10177,3
10179,4
10182,2
10183,1
10184,4
10186,0
10187,2
10189,0
10191,2
10192,2
10193,3
10194,4
10195,0
10197,2
10198,3
10199,2
10201,3
10202,4
10203,4
10204,4
10206,1
10207,2
10208,3
10209,0
10210,1
10212,0
10213,0
10214,3
10215,4
10217,2
10218,1
10220,0
10222,4
10223,3
10224,0
10226,2
10229,1
10231,0
10234,3
10236,0
10237,0
10239,0
10241,2
10243,4
10244,1
10245,3
10246,3
10247,2
10249,2
10250,2
10251,1
10252,4
10253,4
10255,2
10256,1
10258,1
10259,2
10260,0
10263,1
10264,4
10265,2
10268,4
10269,0
10270,2
10272,0
10273,1
10274,4
10275,1
10276,0
10278,4
10280,1
10283,1
10284,2
10286,3
10287,4
10288,2
10289,1
10290,4
10291,3
10293,0
10294,2
10295,4
10296,2
10297,1
10299,3
10301,4
10302,1
10303,4
10304,3
10305,0
10306,1
10307,0
10308,1
10310,3
10313,3
10314,2
10315,1
10316,2
10317,2
10318,4
10320,1
10321,2
10322,0
10323,2
10325,4
10327,2
10329,2
10330,2
10331,1
10332,4
10333,4
10334,3
10335,4
10336,0
10337,2
10338,1
10339,2
10340,1
10341,4
10342,4
10344,2
10345,3
10348,1
10349,3
10350,1
10351,2
10352,0
10355,1
10358,1
10359,3
10360,4
10361,3
10364,2
10365,1
10366,0
10367,0
10368,4
10369,0
10371,2
10372,3
10374,2
10375,1
10376,0
10377,2
10378,2
10379,3
10380,1
10381,0
10382,1
10383,2
10384,1
10385,3
10387,1
10390,4
10392,3
10393,0
10394,4
10395,3
10396,1
10398,4
10399,3
10401,2
10402,4
10405,3
10406,2
10407,4
10409,2
10410,3
10411,1
10412,2
10413,0
10414,3
10415,4
10416,4
10418,2
10419,1
10420,2
10421,2
10422,2
10423,0
10424,2
10426,4
10427,3
10428,4
10429,4
10430,3
10431,4
10432,2
10433,4
10434,2
10436,1
10439,1
10441,4
10443,4
10444,2
10445,3
10446,4
10448,4
10449,2
10450,2
10451,1
10455,3
10456,1
10457,0
10458,2
10461,4
10462,4
10464,1
10466,3
10467,2
10468,2
10470,0
10471,1
10472,3
10473,0
10478,2
10479,4
10481,1
10482,1
10483,2
10484,4
10485,2
10486,1
10487,0
10488,0
10489,4
10490,1
10492,1
10496,2
10498,0
10499,4
10500,4
10502,1
10503,4
10505,2
10506,4
10508,1
10511,2
10513,4
10515,4
10516,2
10517,4
10518,3
10519,1
10520,2
10521,3
10522,0
10523,2
10524,4
10525,4
10527,4
10529,1
10533,2
10534,0
10535,0
10536,3
10537,2
10540,4
10541,2
10543,3
10544,4
10545,3
10546,3
10548,4
10550,2
10551,0
10552,3
10553,1
10554,3
10555,0
10557,4
10558,2
10559,4
10560,4
10561,2
10562,4
10563,0
10564,4
10565,3
10566,2
10567,2
10568,4
10570,4
10571,1
10573,3
10574,2
10575,1
10576,2
10578,1
10580,0
10581,2
10582,4
10583,2
10584,1
10585,4
10587,3
10588,1
10589,0
10590,1
10591,2
10592,3
10593,0
10596,1
10598,3
10599,1
10600,4
10601,0
10603,0
10605,4
10606,3
10607,4
10608,2
10609,3
10610,4
10611,1
10612,3
10613,1
10615,1
10616,1
10620,0
10621,1
10622,4
10623,3
10625,1
10626,1
10627,0
10628,1
10629,2
10630,0
10631,3
10632,1
10636,3
10637,1
10640,3
10641,0
10644,2
10647,0
10648,4
10650,2
10651,2
10655,3
10656,0
10657,2
10658,1
10659,2
10660,1
10662,4
10663,3
10665,4
10666,1
10667,4
10669,2
10671,4
10672,3
10673,2
10675,1
10676,3
10677,1
10678,1
10679,1
10680,2
10681,1
10682,3
10684,3
10685,1
10686,1
10687,0
10688,0
10689,0
10690,1
10691,0
10692,4
10693,3
10695,0
10696,3
10698,1
10700,1
10702,2
10704,1
10705,2
10706,0
10707,3
10708,2
10709,2
10710,3
10711,2
10712,3
10715,4
10718,4
10720,1
10721,4
10722,3
10723,2
10724,2
10726,4
10727,4
10729,0
10730,0
10731,2
10732,0
10733,3
10735,1
10736,3
10737,2
10739,4
10741,2
10743,3
10744,2
10745,4
10746,3
10747,4
10748,3
10749,0
10750,3
10751,3
10752,0
10753,3
10754,1
10755,3
10759,4
10760,3
10763,0
10764,4
10765,2
10766,4
10767,1
10768,2
10769,0
10770,4
10771,4
10772,4
10774,0
10775,2
10776,1
10777,4
10779,3
10780,3
10782,1
10783,0
10784,4
10785,0
10786,2
10787,2
10788,4
10789,1
10790,2
10793,2
10794,4
10795,1
10798,1
10799,1
10800,4
10802,0
10803,3
10805,1
10808,3
10809,1
10810,2
10811,1
10812,3
10813,1
10814,4
10815,4
10817,1
10818,0
10819,2
10821,3
10822,4
10823,0
10824,4
10825,3
10826,1
10827,2
10829,1
10830,3
10831,3
10832,3
10833,3
10834,1
10835,0
10837,3
10839,1
10840,3
10841,0
10842,1
10843,1
10844,3
10846,4
10847,2
10848,3
10849,3
10850,1
10851,2
10852,0
10853,4
10854,4
10855,3
10859,2
10860,0
10862,1
10863,0
10864,3
10866,2
10867,4
10869,1
10870,1
10871,1
10872,1
10873,4
