model,display,family,oof_log_loss,ci_low,ci_high,accuracy,macro_f1
nblr,NB-weighted n-gram LR,classical,0.34414455004144084,0.3342659503574432,0.35470901220496465,0.8719035701516932,0.8718672222854765
style_gbdt,Stylometry + topics GBDT,classical,0.6275671919986034,0.6169565825584782,0.6374684293022486,0.7355329689973952,0.733086886579272
cnn,Char+word CNN,neural,0.4821947998852917,0.47203569174290116,0.4923806942070596,0.8065784769395781,0.8064228041015973
charlm,Char 9-gram language model,classical,0.37841126551508664,0.36891418461232683,0.38731773571939604,0.8486643853107921,0.8488010329599045
wordlm,Word MKN language model,classical,0.3363479380515958,0.32717390188147516,0.34590201475831867,0.8655702538434037,0.8658909468432284
glm,Word GLM (skip n-grams + MKN),classical,0.31548523659711847,0.30637613722110263,0.32519713740616424,0.8745594769906533,0.8749820521841915
fasttext,fastText-style,neural,0.4722972204518551,0.4597159487129961,0.48405709728107105,0.8280811073088513,0.8274143237789796
char_svm,Char TF-IDF linear SVM,classical,0.40622351636191717,0.398207935065914,0.4144850840115646,0.8515245926758261,0.851369982109479
mlp_N5,"Char 5-gram MLP, first round (lr 1e-3)",neural,0.3782232027890374,0.3685289687790044,0.38819017895577196,0.8526993207007508,0.8523170273872139
mlp_N4,"Char 4-gram MLP, first round (lr 1e-3)",neural,0.396702883078083,0.3871854013925801,0.40654784985311526,0.842586444660095,0.8421848804530957
mlp_sweep_best,"Char 5-gram TF-IDF MLP (lr 1e-4, dropout 0.5)",neural,0.3754242034244425,0.3661888705904904,0.3850977260103281,0.8549977016190816,0.8545075387058428
pos_fusion,POS-tag CNN+BiLSTM,neural,0.7302012346672752,0.7206242133503169,0.7400197313934043,0.6787374227488636,0.6747258076941581
pos_cnn,POS-tag CNN,neural,0.747964135457081,0.7388438854668781,0.7569612557917228,0.6696460493385771,0.6631029467935335
pos_bilstm,POS-tag BiLSTM,neural,0.7454883521775472,0.7361432581739735,0.7553441012645195,0.6752132386740896,0.671766279849256
pos_attn,POS-tag BiLSTM + attention,neural,0.7585372139699079,0.7490457676455857,0.7676807628896719,0.6629552071096583,0.6590867744450141
stack8,Stack of 8,stack,0.2492416515716973,0.2408843083386464,0.25803757053379495,0.9020889728791052,0.9024651645382938
